pair_id,layer,spanish_density,english_density,spanish_clustering,english_clustering,spanish_hierarchy,english_hierarchy,density_diff,clustering_diff,hierarchy_diff
0,0,0.2312518610543103,0.2816650685586864,0.23628691983122363,0.2857142857142857,0.12777777777777777,0.05499999999999994,-0.050413207504376084,-0.04942736588306207,0.07277777777777783
0,1,0.147744244562476,0.18026564387755928,0.03515625,0.11363636363636363,0.3652173913043477,0.296875,-0.03252139931508327,-0.07848011363636363,0.06834239130434772
0,2,0.13810875035187975,0.2027988493622542,0.05714285714285714,0.1388888888888889,0.33255813953488356,0.18055555555555558,-0.06469009901037445,-0.08174603174603176,0.15200258397932798
0,3,0.14132058175541184,0.18589894524873302,0.03982300884955752,0.05,0.3318181818181818,0.29166666666666674,-0.04457836349332117,-0.010176991150442481,0.04015151515151505
0,4,0.1541679073695402,0.23659865758929655,0.07142857142857142,0.21,0.3125,0.16666666666666674,-0.08243075021975635,-0.13857142857142857,0.14583333333333326
0,5,0.21840453544018193,0.30983157541455497,0.2040358744394619,0.3271604938271605,0.17941176470588216,0.015909090909090873,-0.09142703997437304,-0.12312461938769861,0.1635026737967913
0,6,0.18628622140486106,0.247865260331644,0.10451977401129943,0.18303571428571427,0.2655172413793103,0.17045454545454541,-0.06157903892678293,-0.07851594027441484,0.0950626959247649
0,7,0.2312518610543103,0.2929316713010338,0.20229007633587787,0.29931972789115646,0.18055555555555536,0.0625,-0.061679810246723504,-0.0970296515552786,0.11805555555555536
0,8,0.21198087263311774,0.27603176718751266,0.14583333333333334,0.26515151515151514,0.2484848484848483,0.09948979591836737,-0.06405089455439492,-0.1193181818181818,0.14899505256648093
0,9,0.20234537842252148,0.247865260331644,0.14251207729468598,0.18468468468468469,0.24285714285714266,0.1647727272727273,-0.04551988190912251,-0.0421726073899987,0.07808441558441537
0,10,0.1798625585977969,0.2253320548469491,0.12037037037037036,0.13440860215053763,0.2571428571428571,0.1937500000000001,-0.0454694962491522,-0.014038231780167262,0.06339285714285703
0,11,0.13489691894834765,0.19153224661990673,0.1,0.07317073170731707,0.34285714285714275,0.33823529411764697,-0.05663532767155907,0.026829268292682937,0.004621848739495782
1,0,0.2104751317185798,0.2816650685586864,0.19965870307167236,0.2835820895522388,0.14457831325301207,0.07000000000000006,-0.0711899368401066,-0.08392338648056644,0.07457831325301201
1,1,0.10904133329998712,0.15773243839286438,0.004032258064516129,0.0660377358490566,0.4608879492600424,0.3392857142857142,-0.04869110509287726,-0.06200547778454048,0.1216022349743282
1,2,0.12172055810231121,0.19716554799108046,0.05371900826446281,0.11971830985915492,0.33712121212121215,0.21785714285714275,-0.07544498988876926,-0.06599930159469211,0.1192640692640694
1,3,0.11157717826045195,0.15773243839286438,0.012295081967213115,0.037037037037037035,0.3925619834710745,0.3303571428571428,-0.04615526013241243,-0.02474195506982392,0.06220484061393172
1,4,0.12425640306277602,0.21406545210460165,0.06439393939393939,0.18181818181818182,0.34879406307977745,0.23684210526315796,-0.08980904904182563,-0.11742424242424243,0.11195195781661949
1,5,0.15722238754881862,0.27603176718751266,0.11621621621621622,0.2878787878787879,0.26392961876832843,0.09948979591836737,-0.11880937963869403,-0.17166257166257168,0.16443982284996106
1,6,0.152150697627889,0.24223195896047028,0.1329479768786127,0.2102803738317757,0.26969696969696977,0.17732558139534893,-0.09008126133258129,-0.07733239695316299,0.09237138830162084
1,7,0.19272421699532608,0.25349856170281776,0.1625,0.18110236220472442,0.24880382775119636,0.18611111111111112,-0.060774344707491684,-0.018602362204724415,0.06269271664008524
1,8,0.15468654258835382,0.24223195896047028,0.0703883495145631,0.16666666666666666,0.33979135618479894,0.21802325581395343,-0.08754541637211646,-0.09627831715210355,0.12176810037084551
1,9,0.1648299224302131,0.23659865758929655,0.1187214611872146,0.19090909090909092,0.2853146853146853,0.2142857142857142,-0.07176873515908344,-0.07218762972187631,0.0710289710289711
1,10,0.14200731778602974,0.23659865758929655,0.07848837209302326,0.15454545454545454,0.34090909090909105,0.22023809523809534,-0.09459133980326681,-0.07605708245243128,0.1206709956709957
1,11,0.13186393794417048,0.21406545210460165,0.05027932960893855,0.1875,0.45804195804195813,0.2763157894736843,-0.08220151416043117,-0.13722067039106145,0.18172616856827384
2,0,0.21840453544018193,0.25922027404398384,0.20276497695852536,0.27540106951871657,0.1617647058823528,0.07885304659498193,-0.040815738603801915,-0.07263609256019121,0.08291165928737088
2,1,0.14453241315894394,0.15887694215599008,0.08108108108108109,0.08620689655172414,0.30888888888888877,0.3157894736842104,-0.014344528997046135,-0.005125815470643058,-0.006900584795321629
2,2,0.15737973877307226,0.19650569161398773,0.08536585365853659,0.14601769911504425,0.2673469387755101,0.18912529550827428,-0.03912595284091547,-0.06065184545650766,0.0782216432672358
2,3,0.1284732561412835,0.1630579143179898,0.031914893617021274,0.06741573033707865,0.31999999999999984,0.2962962962962963,-0.03458465817670631,-0.035500836720057376,0.02370370370370356
2,4,0.1316850875448156,0.1714198586419893,0.05714285714285714,0.10396039603960396,0.3829268292682926,0.3089430894308942,-0.039734771097173716,-0.046817538896746815,0.07398373983739837
2,5,0.21198087263311774,0.24249638539598486,0.22572815533980584,0.2411764705882353,0.17575757575757578,0.13793103448275867,-0.030515512762867125,-0.015448315248429462,0.037826541274817105
2,6,0.16380340158013645,0.18814374728998826,0.12142857142857143,0.18018018018018017,0.2921568627450979,0.24197530864197536,-0.0243403457098518,-0.058751608751608744,0.05018155410312253
2,7,0.2505228494755028,0.27176319052998305,0.26258992805755393,0.2833333333333333,0.10256410256410242,0.08205128205128198,-0.02124034105448025,-0.020743405275779392,0.02051282051282044
2,8,0.18949805280839316,0.25085832971998434,0.16091954022988506,0.2445054945054945,0.23220338983050848,0.12592592592592577,-0.06136027691159118,-0.08358595427560944,0.1062774639045827
2,9,0.20234537842252148,0.2383154132339851,0.18472906403940886,0.20520231213872833,0.23333333333333317,0.17153996101364521,-0.03597003481146363,-0.02047324809931947,0.061793372319687956
2,10,0.17022706438720064,0.19650569161398773,0.11073825503355705,0.09583333333333334,0.28113207547169794,0.23167848699763582,-0.026278627226787088,0.014904921700223714,0.049453588474062116
2,11,0.1541679073695402,0.18396277512798853,0.08053691275167785,0.1581196581196581,0.38749999999999996,0.297979797979798,-0.029794867758448335,-0.07758274536798027,0.08952020202020194
3,0,0.22482819824724612,0.25922027404398384,0.20704845814977973,0.26861702127659576,0.14571428571428569,0.08602150537634401,-0.034392075796737726,-0.06156856312681602,0.059692780337941675
3,1,0.147744244562476,0.15469596999399032,0.047619047619047616,0.06329113924050633,0.3565217391304347,0.28828828828828823,-0.006951725431514316,-0.015672091621458717,0.06823345084214649
3,2,0.13489691894834765,0.15887694215599008,0.04591836734693878,0.09090909090909091,0.32380952380952377,0.23391812865497075,-0.02398002320764242,-0.044990723562152134,0.08989139515455302
3,3,0.13810875035187975,0.14633402566999087,0.045871559633027525,0.01875,0.3511627906976744,0.3492063492063491,-0.008225275318111125,0.027121559633027526,0.0019564414913253447
3,4,0.14453241315894394,0.1630579143179898,0.08256880733944955,0.06842105263157895,0.2911111111111111,0.33048433048433035,-0.01852550115904586,0.014147754707870594,-0.03937321937321925
3,5,0.2055572098260536,0.2383154132339851,0.18274111675126903,0.2331288343558282,0.19374999999999987,0.1364522417153995,-0.03275820340793151,-0.05038771760455918,0.057297758284600375
3,6,0.17022706438720064,0.19232471945198798,0.11724137931034483,0.11538461538461539,0.2509433962264149,0.24154589371980673,-0.022097655064787336,0.001856763925729435,0.009397502506608202
3,7,0.21198087263311774,0.25085832971998434,0.11572052401746726,0.22105263157894736,0.2272727272727273,0.14814814814814814,-0.0388774570868666,-0.1053321075614801,0.07912457912457915
3,8,0.19913354701898942,0.21741055242398644,0.19743589743589743,0.20068027210884354,0.23225806451612896,0.20940170940170932,-0.01827700540499702,-0.00324437467294611,0.022856355114419635
3,9,0.20234537842252148,0.2048676359379872,0.14805825242718446,0.1455223880597015,0.23650793650793633,0.23129251700680276,-0.0025222575154657256,0.0025358643674829595,0.005215419501133578
3,10,0.17022706438720064,0.1714198586419893,0.10884353741496598,0.05238095238095238,0.2735849056603772,0.3089430894308942,-0.0011927942547886594,0.0564625850340136,-0.03535818377051703
3,11,0.1509560759660081,0.14633402566999087,0.125,0.07446808510638298,0.3595744680851063,0.43174603174603177,0.004622050296017227,0.050531914893617025,-0.07217156366092548
4,0,0.2341344410719854,0.22061851156043907,0.21726190476190477,0.2359375,0.1785714285714286,0.11703239289446188,0.013515929511546315,-0.018675595238095227,0.061539035676966725
4,1,0.15887694215599008,0.12172055810231121,0.06470588235294118,0.037037037037037035,0.3099415204678362,0.35984848484848486,0.03715638405367887,0.027668845315904148,-0.04990696438064868
4,2,0.17978180296598878,0.12172055810231121,0.08653846153846154,0.06521739130434782,0.26356589147286824,0.3030303030303032,0.05806124486367757,0.021321070234113712,-0.039464411557434964
4,3,0.14633402566999087,0.11918471314184638,0.05194805194805195,0.02734375,0.3301587301587301,0.3752417794970988,0.027149312528144495,0.02460430194805195,-0.04508304933836871
4,4,0.18814374728998826,0.12932809298370565,0.09917355371900827,0.12601626016260162,0.28641975308641965,0.27450980392156876,0.058815654306282605,-0.02684270644359335,0.011909949164850886
4,5,0.2466773575579846,0.18765252707439645,0.2742857142857143,0.178714859437751,0.12429378531073443,0.21867321867321876,0.05902483048358814,0.0955708548479633,-0.09437943336248433
4,6,0.18396277512798853,0.15722238754881862,0.205,0.1331521739130435,0.20707070707070696,0.2697947214076246,0.02674038757916991,0.0718478260869565,-0.06272401433691766
4,7,0.2466773575579846,0.17750914723253716,0.25722543352601157,0.10826771653543307,0.11676082862523529,0.2935064935064935,0.06916821032544743,0.1489577169905785,-0.1767456648812582
4,8,0.22995346890998564,0.1977959069162557,0.23006134969325154,0.13220338983050847,0.1898989898989898,0.2447552447552448,0.03215756199372993,0.09785795986274307,-0.054856254856255005
4,9,0.21741055242398644,0.18004499219300202,0.22695035460992907,0.11895161290322581,0.18376068376068377,0.26888604353393086,0.03736556023098442,0.10799874170670326,-0.08512535977324709
4,10,0.16723888647998958,0.16229407746974828,0.13978494623655913,0.08796296296296297,0.28888888888888875,0.3125,0.004944809010241302,0.05182198327359616,-0.02361111111111125
4,11,0.16723888647998958,0.13186393794417048,0.10849056603773585,0.10344827586206896,0.3555555555555554,0.4440559440559442,0.0353749485358191,0.005042290175666889,-0.08850038850038877
5,0,0.22482819824724612,0.24249638539598486,0.21555555555555556,0.23121387283236994,0.13428571428571412,0.13793103448275867,-0.017668187148738745,-0.015658317276814382,-0.003645320197044555
5,1,0.1316850875448156,0.14215305350799112,0.05238095238095238,0.045454545454545456,0.3878048780487804,0.3529411764705881,-0.010467965963175535,0.006926406926406926,0.0348637015781923
5,2,0.15737973877307226,0.18396277512798853,0.07758620689655173,0.12,0.21836734693877546,0.20707070707070696,-0.026583036354916267,-0.04241379310344827,0.011296639868068503
5,3,0.11562593052715515,0.15887694215599008,0.028735632183908046,0.05421686746987952,0.3944444444444444,0.2748538011695907,-0.04325101162883492,-0.025481235285971474,0.11959064327485369
5,4,0.1316850875448156,0.17560083080398906,0.07142857142857142,0.1368421052631579,0.3292682926829267,0.2328042328042328,-0.04391574325917347,-0.06541353383458648,0.09646405987869389
5,5,0.19270988421192523,0.2383154132339851,0.15895953757225434,0.24096385542168675,0.19666666666666655,0.14814814814814814,-0.04560552902205989,-0.0820043178494324,0.048518518518518405
5,6,0.1766507271942648,0.20068666377598746,0.16901408450704225,0.17857142857142858,0.17999999999999994,0.22685185185185186,-0.02403593658172265,-0.009557344064386325,-0.04685185185185192
5,7,0.21840453544018193,0.2466773575579846,0.18340611353711792,0.26704545454545453,0.19705882352941173,0.13182674199623357,-0.02827282211780266,-0.08363934100833662,0.06523208153317817
5,8,0.19592171561545732,0.2215915245859862,0.18579234972677597,0.17687074829931973,0.2114754098360654,0.18029350104821806,-0.025669808970528868,0.008921601427456238,0.031181908787847323
5,9,0.1766507271942648,0.2048676359379872,0.09627329192546584,0.12408759124087591,0.2672727272727271,0.24943310657596363,-0.028216908743722402,-0.027814299315410074,0.01783962069676348
5,10,0.16701523298366852,0.19232471945198798,0.10839160839160839,0.09541984732824428,0.26538461538461533,0.2995169082125604,-0.02530948646831946,0.012971761063364104,-0.034132292827945054
5,11,0.14453241315894394,0.15469596999399032,0.08273381294964029,0.08196721311475409,0.4288888888888889,0.48048048048048053,-0.010163556835046383,0.0007665998348861947,-0.05159159159159166
6,0,0.2872983699298601,0.29856497267220755,0.2907801418439716,0.31333333333333335,0.07107843137254899,0.03537735849056611,-0.011266602742347476,-0.022553191489361746,0.035701072881982876
6,1,0.1408325342793432,0.18026564387755928,0.03333333333333333,0.09523809523809523,0.365,0.265625,-0.03943310959821608,-0.0619047619047619,0.09937499999999999
6,2,0.2027988493622542,0.18589894524873302,0.136986301369863,0.10483870967741936,0.1875,0.21590909090909083,0.016899904113521186,0.03214759169244365,-0.02840909090909083
6,3,0.18589894524873302,0.16899904113521183,0.0661764705882353,0.03333333333333333,0.26136363636363646,0.31666666666666665,0.016899904113521186,0.03284313725490196,-0.05530303030303019
6,4,0.21406545210460165,0.2027988493622542,0.18823529411764706,0.16455696202531644,0.2171052631578947,0.25,0.011266602742347448,0.023678332092330612,-0.03289473684210531
6,5,0.27603176718751266,0.2929316713010338,0.28846153846153844,0.3103448275862069,0.08928571428571419,0.05288461538461542,-0.016899904113521158,-0.02188328912466847,0.03640109890109877
6,6,0.18589894524873302,0.21406545210460165,0.2033898305084746,0.19186046511627908,0.17045454545454541,0.2236842105263157,-0.028166506855868634,0.011529365392195512,-0.053229665071770293
6,7,0.2929316713010338,0.2816650685586864,0.29931972789115646,0.2867647058823529,0.0625,0.08499999999999996,0.01126660274234742,0.01255502200880354,-0.022499999999999964
6,8,0.2872983699298601,0.2816650685586864,0.2951388888888889,0.2753623188405797,0.0808823529411764,0.09000000000000008,0.005633301371173682,0.019776570048309183,-0.009117647058823675
6,9,0.25349856170281776,0.2703984658163389,0.19658119658119658,0.25196850393700787,0.15833333333333344,0.109375,-0.016899904113521158,-0.055387307355811294,0.04895833333333344
6,10,0.24223195896047028,0.25349856170281776,0.18571428571428572,0.19658119658119658,0.16569767441860472,0.15833333333333344,-0.011266602742347476,-0.010866910866910856,0.0073643410852712865
6,11,0.25913186307399144,0.2084321507334279,0.2457627118644068,0.13636363636363635,0.13586956521739135,0.2736486486486487,0.05069971234056353,0.10939907550077044,-0.13777908343125733
7,0,0.21198087263311774,0.2816650685586864,0.19082125603864733,0.2835820895522388,0.17878787878787872,0.07000000000000006,-0.06968419592556865,-0.09276083351359146,0.10878787878787866
7,1,0.1541679073695402,0.16336573976403812,0.055970149253731345,0.07272727272727272,0.34166666666666656,0.31465517241379315,-0.009197832394497923,-0.01675712347354138,0.027011494252873414
7,2,0.13489691894834765,0.19153224661990673,0.061855670103092786,0.11194029850746269,0.30952380952380953,0.22058823529411775,-0.05663532767155907,-0.050084628404369905,0.08893557422969178
7,3,0.12204959333421932,0.17463234250638557,0.043478260869565216,0.04918032786885246,0.36842105263157876,0.278225806451613,-0.05258274917216625,-0.005702066999287242,0.09019524617996577
7,4,0.12204959333421932,0.21969875347577536,0.056179775280898875,0.1813186813186813,0.3736842105263156,0.22115384615384626,-0.09764916014155604,-0.12513890603778244,0.15253036437246936
7,5,0.20234537842252148,0.2872983699298601,0.22375690607734808,0.3,0.14444444444444438,0.06617647058823528,-0.0849529915073386,-0.07624309392265191,0.0782679738562091
7,6,0.17022706438720064,0.2309653562181228,0.10357142857142858,0.20212765957446807,0.2245283018867923,0.16158536585365857,-0.060738291830922164,-0.0985562310030395,0.06294293603313372
7,7,0.2312518610543103,0.2872983699298601,0.2703862660944206,0.2887323943661972,0.10833333333333317,0.0759803921568627,-0.056046508875549766,-0.018346128271776563,0.03235294117647047
7,8,0.20876904122958567,0.2929316713010338,0.24407582938388625,0.3103448275862069,0.20769230769230762,0.05288461538461542,-0.08416263007144814,-0.06626899820232066,0.1548076923076922
7,9,0.19270988421192523,0.2929316713010338,0.1721311475409836,0.3013698630136986,0.24,0.05769230769230771,-0.10022178708910859,-0.129238715472715,0.18230769230769228
7,10,0.1509560759660081,0.2253320548469491,0.06153846153846154,0.14795918367346939,0.3255319148936169,0.2250000000000001,-0.074375978880941,-0.08642072213500784,0.10053191489361679
7,11,0.1252614247377514,0.2027988493622542,0.0641025641025641,0.1276595744680851,0.4692307692307691,0.32638888888888884,-0.0775374246245028,-0.063557010365521,0.14284188034188028
8,0,0.23446369245784238,0.2312518610543103,0.23684210526315788,0.2222222222222222,0.13013698630136972,0.1416666666666666,0.003211831403532067,0.014619883040935672,-0.01152968036529689
8,1,0.13810875035187975,0.12204959333421932,0.03271028037383177,0.027777777777777776,0.3511627906976744,0.38421052631578934,0.016059157017660433,0.004932502596053996,-0.033047735618114915
8,2,0.1541679073695402,0.13489691894834765,0.07391304347826087,0.06593406593406594,0.25416666666666665,0.28095238095238084,0.019270988421192542,0.007978977544194937,-0.02678571428571419
8,3,0.1316850875448156,0.1252614247377514,0.0196078431372549,0.010752688172043012,0.35853658536585353,0.35128205128205114,0.00642366280706419,0.00885515496521189,0.007254534083802389
8,4,0.1541679073695402,0.13489691894834765,0.10330578512396695,0.07575757575757576,0.2833333333333332,0.33333333333333326,0.019270988421192542,0.027548209366391185,-0.050000000000000044
8,5,0.2055572098260536,0.20234537842252148,0.22439024390243903,0.175,0.21562499999999996,0.22698412698412684,0.0032118314035321227,0.04939024390243904,-0.011359126984126888
8,6,0.16701523298366852,0.16701523298366852,0.16791044776119404,0.14084507042253522,0.23461538461538445,0.2769230769230768,0.0,0.027065377338658825,-0.04230769230769238
8,7,0.2312518610543103,0.21519270403664986,0.21653543307086615,0.20833333333333334,0.17222222222222205,0.18358208955223865,0.016059157017660447,0.008202099737532803,-0.011359867330016593
8,8,0.21198087263311774,0.18949805280839316,0.17727272727272728,0.14361702127659576,0.2151515151515151,0.2728813559322032,0.02248281982472458,0.03365570599613152,-0.0577298407806881
8,9,0.19913354701898942,0.19592171561545732,0.14213197969543148,0.14795918367346939,0.23870967741935467,0.2573770491803278,0.003211831403532095,-0.005827203978037904,-0.018667371760973106
8,10,0.15737973877307226,0.1734388957907327,0.0967741935483871,0.0981012658227848,0.2673469387755101,0.28888888888888875,-0.016059157017660447,-0.0013270722743977115,-0.02154195011337867
8,11,0.15737973877307226,0.147744244562476,0.10126582278481013,0.09191176470588236,0.393877551020408,0.3956521739130434,0.009635494210596257,0.009354058078927766,-0.0017746228926354135
9,0,0.13782355182066985,0.23446369245784238,0.08782201405152225,0.23373983739837398,0.34985422740524785,0.12465753424657522,-0.09664014063717252,-0.14591782334685172,0.22519669315867263
9,1,0.0843817664208183,0.11883776193068722,0.010964912280701754,0.02717391304347826,0.5023809523809524,0.41891891891891886,-0.03445599550986893,-0.016209000762776506,0.08346203346203351
9,2,0.0843817664208183,0.14132058175541184,0.04597701149425287,0.05405405405405406,0.38809523809523805,0.34545454545454546,-0.05693881533459355,-0.008077042559801184,0.04264069264069259
9,3,0.09422630583658043,0.12204959333421932,0.020080321285140562,0.015463917525773196,0.4658848614072495,0.40526315789473677,-0.02782328749763889,0.004616403759367366,0.060621703512512726
9,4,0.09703903138394103,0.14453241315894394,0.0668103448275862,0.0779816513761468,0.38819875776397517,0.2866666666666666,-0.04749338177500291,-0.011171306548560592,0.10153209109730854
9,5,0.13219810072594868,0.19592171561545732,0.12635869565217392,0.17539267015706805,0.3176291793313071,0.23770491803278682,-0.06372361488950865,-0.049033974504894134,0.07992426129852026
9,6,0.11391538466810468,0.16380340158013645,0.06474820143884892,0.14285714285714285,0.32539682539682535,0.2294117647058822,-0.04988801691203178,-0.07810894141829393,0.09598506069094315
9,7,0.13501082627330926,0.21198087263311774,0.09282700421940929,0.1711111111111111,0.40773809523809534,0.22424242424242413,-0.07697004635980847,-0.07828410689170182,0.1834956709956712
9,8,0.12938537517858803,0.21519270403664986,0.11217183770883055,0.21818181818181817,0.40527950310559,0.19552238805970146,-0.08580732885806183,-0.10600998047298762,0.20975711504588856
9,9,0.12516628685754713,0.18949805280839316,0.06267029972752043,0.1676470588235294,0.3715890850722312,0.20847457627118637,-0.06433176595084603,-0.10497675909600897,0.16311450880104483
9,10,0.09844539415762134,0.15737973877307226,0.06976744186046512,0.06934306569343066,0.3326530612244898,0.32448979591836724,-0.058934344615450926,0.0004243761670344598,0.008163265306122547
9,11,0.0871944919681789,0.13810875035187975,0.02631578947368421,0.08139534883720931,0.4838709677419355,0.4395348837209301,-0.05091425838370085,-0.0550795593635251,0.04433608402100542
10,0,0.24088735526490657,0.2675822183679833,0.2450592885375494,0.2828282828282828,0.09733333333333327,0.05555555555555558,-0.026694863103076727,-0.03776899429073341,0.04177777777777769
10,1,0.14453241315894394,0.13379110918399165,0.07017543859649122,0.036231884057971016,0.3311111111111109,0.3541666666666665,0.010741303974952293,0.03394355453852021,-0.023055555555555607
10,2,0.14132058175541184,0.17560083080398906,0.0779816513761468,0.12903225806451613,0.3318181818181818,0.22751322751322745,-0.03428024904857721,-0.05105060668836933,0.10430495430495434
10,3,0.1541679073695402,0.15469596999399032,0.021897810218978103,0.047058823529411764,0.34999999999999987,0.3303303303303302,-0.0005280626244501263,-0.02516101331043366,0.019669669669669654
10,4,0.1252614247377514,0.15469596999399032,0.043010752688172046,0.06707317073170732,0.35128205128205114,0.3063063063063063,-0.029434545256238925,-0.024062418043535275,0.04497574497574486
10,5,0.18628622140486106,0.2341344410719854,0.1544943820224719,0.2484472049689441,0.2689655172413792,0.1587301587301586,-0.047848219667124325,-0.0939528229464722,0.11023535851122057
10,6,0.1541679073695402,0.17978180296598878,0.08130081300813008,0.14563106796116504,0.28749999999999987,0.25839793281653733,-0.025613895596448583,-0.06433025495303496,0.029102067183462532
10,7,0.21840453544018193,0.2466773575579846,0.21397379912663755,0.2361111111111111,0.19705882352941173,0.14689265536723162,-0.02827282211780266,-0.02213731198447355,0.050166168162180114
10,8,0.19270988421192523,0.2257724967479859,0.20441988950276244,0.25675675675675674,0.22999999999999998,0.15637860082304522,-0.03306261253606069,-0.05233686725399431,0.07362139917695476
10,9,0.18628622140486106,0.19650569161398773,0.16853932584269662,0.1762295081967213,0.2689655172413792,0.24113475177304955,-0.010219470209126669,-0.007690182354024688,0.027830765468329632
10,10,0.1798625585977969,0.20068666377598746,0.15337423312883436,0.11382113821138211,0.26428571428571423,0.20833333333333326,-0.020824105178190555,0.03955309491745225,0.055952380952380976
10,11,0.15737973877307226,0.19650569161398773,0.09935897435897435,0.17054263565891473,0.3816326530612244,0.2695035460992907,-0.03912595284091547,-0.07118366129994037,0.11212910696193368
11,0,0.2280400296507782,0.2816650685586864,0.23043478260869565,0.2835820895522388,0.12816901408450687,0.07000000000000006,-0.05362503890790821,-0.05314730694354314,0.05816901408450681
11,1,0.14453241315894394,0.18026564387755928,0.07142857142857142,0.1016949152542373,0.35777777777777775,0.2265625,-0.03573323071861534,-0.03026634382566587,0.13121527777777775
11,2,0.147744244562476,0.18589894524873302,0.06818181818181818,0.0703125,0.28260869565217384,0.23863636363636354,-0.03815470068625701,-0.0021306818181818232,0.0439723320158103
11,3,0.11562593052715515,0.19153224661990673,0.022222222222222223,0.1,0.42222222222222205,0.25,-0.07590631609275157,-0.07777777777777778,0.17222222222222205
11,4,0.12204959333421932,0.2084321507334279,0.053763440860215055,0.18421052631578946,0.38421052631578934,0.17905405405405395,-0.0863825573992086,-0.1304470854555744,0.2051564722617354
11,5,0.19270988421192523,0.27603176718751266,0.16193181818181818,0.2765151515151515,0.20999999999999996,0.09948979591836737,-0.08332188297558743,-0.11458333333333331,0.11051020408163259
11,6,0.1798625585977969,0.25349856170281776,0.14802631578947367,0.25,0.21785714285714275,0.09722222222222232,-0.07363600310502086,-0.10197368421052633,0.12063492063492043
11,7,0.23767552386137444,0.31546487678572877,0.2265625,0.3333333333333333,0.13783783783783776,0.0,-0.07778935292435432,-0.10677083333333331,0.13783783783783776
11,8,0.20876904122958567,0.2872983699298601,0.16587677725118483,0.2887323943661972,0.2138461538461538,0.0759803921568627,-0.0785293287002744,-0.12285561711501236,0.1378657616892911
11,9,0.18307439000132897,0.3041982740433813,0.09562841530054644,0.3184713375796178,0.2999999999999998,0.03240740740740744,-0.12112388404205232,-0.22284292227907138,0.2675925925925924
11,10,0.1798625585977969,0.2647651644451652,0.13202247191011235,0.2540322580645161,0.3107142857142857,0.13031914893617014,-0.08490260584736828,-0.12200978615440378,0.18039513677811558
11,11,0.1541679073695402,0.25349856170281776,0.0981012658227848,0.24561403508771928,0.4249999999999998,0.14722222222222214,-0.09933065433327756,-0.14751276926493448,0.2777777777777777
12,0,0.2703984658163389,0.2816650685586864,0.25769230769230766,0.2835820895522388,0.11458333333333326,0.07000000000000006,-0.011266602742347476,-0.025889781859931127,0.0445833333333332
12,1,0.16899904113521183,0.16899904113521183,0.06779661016949153,0.06557377049180328,0.30833333333333335,0.33333333333333326,0.0,0.002222839677688243,-0.02499999999999991
12,2,0.18026564387755928,0.17463234250638557,0.11475409836065574,0.1016949152542373,0.25,0.278225806451613,0.00563330137117371,0.013059183106418445,-0.02822580645161299
12,3,0.19716554799108046,0.18026564387755928,0.08108108108108109,0.05970149253731343,0.24642857142857144,0.296875,0.016899904113521186,0.021379588543767654,-0.05044642857142856
12,4,0.2027988493622542,0.19153224661990673,0.12352941176470589,0.13291139240506328,0.2847222222222223,0.3161764705882353,0.011266602742347476,-0.00938198064035739,-0.03145424836601296
12,5,0.2872983699298601,0.2929316713010338,0.2847222222222222,0.29931972789115646,0.0808823529411764,0.0625,-0.005633301371173738,-0.014597505668934252,0.018382352941176405
12,6,0.25913186307399144,0.25349856170281776,0.23728813559322035,0.23043478260869565,0.13586956521739135,0.15277777777777768,0.005633301371173682,0.006853352984524691,-0.016908212560386326
12,7,0.30983157541455497,0.29856497267220755,0.3271604938271605,0.30718954248366015,0.015909090909090873,0.04952830188679247,0.01126660274234742,0.019970951343500354,-0.0336192109777016
12,8,0.31546487678572877,0.29856497267220755,0.3333333333333333,0.30718954248366015,0.0,0.04952830188679247,0.016899904113521214,0.026143790849673165,-0.04952830188679247
12,9,0.31546487678572877,0.3041982740433813,0.3333333333333333,0.3184713375796178,0.0,0.03240740740740744,0.011266602742347476,0.014861995753715496,-0.03240740740740744
12,10,0.2084321507334279,0.25913186307399144,0.11702127659574468,0.21153846153846154,0.30067567567567566,0.1684782608695652,-0.05069971234056353,-0.09451718494271685,0.13219741480611047
12,11,0.2872983699298601,0.29856497267220755,0.29285714285714287,0.31125827814569534,0.06617647058823528,0.04481132075471694,-0.011266602742347476,-0.018401135288552473,0.021365149833518338
13,0,0.17606425212689011,0.23446369245784238,0.12462908011869436,0.24050632911392406,0.26356589147286824,0.08630136986301351,-0.05839944033095226,-0.11587724899522969,0.17726452160985473
13,1,0.10031567853741415,0.12204959333421932,0.009554140127388535,0.024752475247524754,0.4370748299319729,0.4263157894736842,-0.02173391479680517,-0.015198335120136219,0.010759040458288682
13,2,0.10441019602873718,0.13489691894834765,0.044444444444444446,0.05555555555555555,0.3480392156862746,0.319047619047619,-0.03048672291961048,-0.011111111111111106,0.02899159663865558
13,3,0.08803212606344506,0.1252614247377514,0.016,0.027472527472527472,0.4244186046511629,0.3205128205128205,-0.03722929867430634,-0.011472527472527472,0.1039057841383424
13,4,0.10441019602873718,0.13810875035187975,0.03985507246376811,0.0851063829787234,0.380718954248366,0.26279069767441854,-0.033698554323142574,-0.04525131051495529,0.11792825657394745
13,5,0.1535444059246135,0.2055572098260536,0.17035398230088494,0.21727748691099477,0.1922222222222223,0.16874999999999996,-0.05201280390144011,-0.04692350461010983,0.02347222222222234
13,6,0.11874100724836777,0.16059157017660436,0.08163265306122448,0.14285714285714285,0.267241379310345,0.21199999999999997,-0.04185056292823659,-0.061224489795918366,0.05524137931034501
13,7,0.16992247588990558,0.21198087263311774,0.1578125,0.2107843137254902,0.2821285140562251,0.16666666666666652,-0.042058396743212156,-0.0529718137254902,0.11546184738955856
13,8,0.15149714717895196,0.2055572098260536,0.10256410256410256,0.18472906403940886,0.33108108108108114,0.2124999999999999,-0.05406006264710164,-0.0821649614753063,0.11858108108108123
13,9,0.13307181846799837,0.18628622140486106,0.06837606837606838,0.14244186046511628,0.37564102564102564,0.24827586206896535,-0.05321440293686269,-0.0740657920890479,0.1273651635720603
13,10,0.1248827834853523,0.15737973877307226,0.10101010101010101,0.07042253521126761,0.36475409836065587,0.3326530612244898,-0.03249695528771997,0.0305875657988334,0.03210103713616608
13,11,0.12283552473969078,0.1316850875448156,0.07575757575757576,0.041379310344827586,0.4027777777777779,0.5097560975609756,-0.008849562805124805,0.034378265412748174,-0.10697831978319772
14,0,0.22161636684371402,0.2505228494755028,0.2026431718061674,0.2732342007434944,0.16666666666666652,0.05897435897435899,-0.02890648263178877,-0.07059102893732702,0.10769230769230753
14,1,0.14132058175541184,0.12204959333421932,0.0625,0.030303030303030304,0.38181818181818183,0.40526315789473677,0.019270988421192528,0.032196969696969696,-0.023444976076554935
14,2,0.1316850875448156,0.1509560759660081,0.0594059405940594,0.07894736842105263,0.35853658536585353,0.274468085106383,-0.019270988421192514,-0.019541427826993224,0.08406850025947055
14,3,0.13810875035187975,0.14132058175541184,0.05,0.02654867256637168,0.34651162790697665,0.34999999999999987,-0.003211831403532095,0.02345132743362832,-0.0034883720930232176
14,4,0.13810875035187975,0.14132058175541184,0.05454545454545454,0.09615384615384616,0.35581395348837197,0.2999999999999998,-0.003211831403532095,-0.041608391608391616,0.05581395348837215
14,5,0.19270988421192523,0.2055572098260536,0.15804597701149425,0.18848167539267016,0.20333333333333314,0.16874999999999996,-0.01284732561412838,-0.030435698381175907,0.03458333333333319
14,6,0.15737973877307226,0.1509560759660081,0.09523809523809523,0.15463917525773196,0.2755102040816326,0.15957446808510634,0.006423662807064162,-0.05940108001963673,0.11593573599652629
14,7,0.20234537842252148,0.2312518610543103,0.14356435643564355,0.21369294605809128,0.23015873015873,0.13888888888888884,-0.028906482631788827,-0.07012858962244772,0.09126984126984117
14,8,0.18307439000132897,0.2055572098260536,0.07670454545454546,0.13221153846153846,0.2789473684210526,0.21875,-0.022482819824724637,-0.05550699300699301,0.06019736842105261
14,9,0.1798625585977969,0.19270988421192523,0.09580838323353294,0.11684782608695653,0.2749999999999999,0.23666666666666658,-0.012847325614128324,-0.021039442853423587,0.03833333333333333
14,10,0.13810875035187975,0.19270988421192523,0.02857142857142857,0.11398963730569948,0.3139534883720929,0.2633333333333332,-0.054601133860045475,-0.08541820873427092,0.05062015503875972
14,11,0.1252614247377514,0.16059157017660436,0.022321428571428572,0.11764705882352941,0.4487179487179487,0.4119999999999999,-0.03533014543885296,-0.09532563025210083,0.036717948717948756
15,0,0.20286759683718536,0.23767552386137444,0.1643835616438356,0.2459016393442623,0.20454545454545459,0.08918918918918917,-0.034807927024189084,-0.08151807770042668,0.11535626535626542
15,1,0.11664886818138157,0.12204959333421932,0.022727272727272728,0.030303030303030304,0.40711462450592895,0.40526315789473677,-0.0054007251528377515,-0.007575757575757576,0.0018514666111921763
15,2,0.11664886818138157,0.1252614247377514,0.032,0.040697674418604654,0.37944664031620556,0.3205128205128205,-0.008612556556369833,-0.008697674418604653,0.05893381980338508
15,3,0.12425640306277602,0.10599043631655887,0.02413793103448276,0.012195121951219513,0.3858998144712431,0.43333333333333335,0.018265966746217152,0.011942809083263246,-0.04743351886209024
15,4,0.12679224802324085,0.13489691894834765,0.05136986301369863,0.059322033898305086,0.38909090909090915,0.4285714285714284,-0.008104670925106805,-0.007952170884606459,-0.03948051948051923
15,5,0.18258083715346682,0.21519270403664986,0.17180616740088106,0.19138755980861244,0.19191919191919204,0.15671641791044766,-0.032611866883183044,-0.01958139240773138,0.035202774008744386
15,6,0.152150697627889,0.16701523298366852,0.09195402298850575,0.12015503875968993,0.26060606060606073,0.21538461538461529,-0.014864535355779529,-0.028201015771184182,0.045221445221445444
15,7,0.19018837203486125,0.19913354701898942,0.19215686274509805,0.14285714285714285,0.21333333333333337,0.2677419354838708,-0.008945174984128168,0.0492997198879552,-0.054408602150537444
15,8,0.1648299224302131,0.19270988421192523,0.13145539906103287,0.19086021505376344,0.2965034965034965,0.2466666666666666,-0.02787996178171212,-0.059404815992730564,0.04983682983682991
15,9,0.1673657673906779,0.18307439000132897,0.11904761904761904,0.13714285714285715,0.26721763085399464,0.27192982456140347,-0.015708622610651063,-0.01809523809523811,-0.004712193707408829
15,10,0.13186393794417048,0.16380340158013645,0.05067567567567568,0.060126582278481014,0.3496503496503498,0.3549019607843136,-0.031939463635965976,-0.009450906602805335,-0.005251611133963774
15,11,0.12425640306277602,0.1509560759660081,0.08116883116883117,0.09032258064516129,0.44897959183673475,0.4276595744680851,-0.02669967290323208,-0.009153749476330117,0.021320017368649635
16,0,0.24249638539598486,0.2675822183679833,0.22701149425287356,0.28535353535353536,0.14942528735632177,0.05555555555555558,-0.02508583297199843,-0.058342041100661796,0.09386973180076619
16,1,0.17560083080398906,0.15887694215599008,0.10638297872340426,0.09036144578313253,0.2328042328042328,0.2865497076023391,0.01672388864799898,0.016021532940271727,-0.05374547479810632
16,2,0.17560083080398906,0.16723888647998958,0.09895833333333333,0.07471264367816093,0.24338624338624326,0.25,0.008361944323999476,0.024245689655172403,-0.006613756613756738
16,3,0.14633402566999087,0.1505149978319906,0.03896103896103896,0.04878048780487805,0.3301587301587301,0.33333333333333326,-0.004180972161999724,-0.00981944884383909,-0.0031746031746031633
16,4,0.1630579143179898,0.16723888647998958,0.10588235294117647,0.13068181818181818,0.2735042735042734,0.25555555555555554,-0.00418097216199978,-0.024799465240641708,0.017948717948717885
16,5,0.2383154132339851,0.24249638539598486,0.22674418604651161,0.2413793103448276,0.17153996101364521,0.15325670498084287,-0.004180972161999752,-0.014635124298315982,0.018283256032802342
16,6,0.19650569161398773,0.18814374728998826,0.14754098360655737,0.16666666666666666,0.24113475177304955,0.23703703703703694,0.008361944323999476,-0.019125683060109283,0.004097714736012614
16,7,0.26340124620598354,0.2341344410719854,0.2755102040816326,0.19230769230769232,0.09171075837742504,0.1865079365079365,0.029266805133998153,0.08320251177394031,-0.09479717813051147
16,8,0.25922027404398384,0.2675822183679833,0.2654639175257732,0.26540284360189575,0.11111111111111116,0.10069444444444442,-0.008361944323999448,6.10739238774416e-05,0.01041666666666674
16,9,0.20904860809998693,0.24249638539598486,0.16304347826086957,0.22514619883040934,0.22666666666666657,0.14176245210727956,-0.03344777729599793,-0.06210272056953978,0.08490421455938701
16,10,0.1714198586419893,0.19650569161398773,0.05612244897959184,0.09917355371900827,0.28184281842818426,0.2364066193853427,-0.02508583297199843,-0.04305110473941643,0.045436199042841574
16,11,0.1714198586419893,0.1505149978319906,0.04954954954954955,0.07368421052631578,0.3577235772357723,0.4135802469135803,0.020904860809998704,-0.024134660976766233,-0.055856669677808
17,0,0.2466773575579846,0.24249638539598486,0.2413793103448276,0.25,0.12429378531073443,0.11877394636015315,0.004180972161999724,-0.008620689655172403,0.0055198389505812795
17,1,0.14215305350799112,0.16723888647998958,0.0472972972972973,0.08791208791208792,0.36601307189542487,0.27222222222222214,-0.025085832971998456,-0.04061479061479062,0.09379084967320273
17,2,0.19232471945198798,0.18814374728998826,0.1388888888888889,0.10849056603773585,0.18840579710144922,0.2123456790123457,0.004180972161999724,0.030398322851153042,-0.023939881910896466
17,3,0.14633402566999087,0.1505149978319906,0.03125,0.0379746835443038,0.3492063492063491,0.308641975308642,-0.004180972161999724,-0.006724683544303799,0.04056437389770706
17,4,0.19232471945198798,0.17560083080398906,0.12053571428571429,0.11538461538461539,0.21739130434782594,0.29100529100529093,0.016723888647998925,0.005151098901098897,-0.07361398665746499
17,5,0.24249638539598486,0.25085832971998434,0.25443786982248523,0.26229508196721313,0.13026819923371646,0.12962962962962954,-0.008361944323999476,-0.007857212144727899,0.0006385696040869249
17,6,0.20068666377598746,0.19232471945198798,0.17672413793103448,0.17142857142857143,0.16666666666666652,0.16425120772946844,0.008361944323999476,0.005295566502463045,0.0024154589371980784
17,7,0.2675822183679833,0.2675822183679833,0.2860696517412935,0.2860696517412935,0.07986111111111116,0.07986111111111116,0.0,0.0,0.0
17,8,0.20904860809998693,0.2257724967479859,0.13043478260869565,0.1870967741935484,0.22666666666666657,0.18930041152263377,-0.01672388864799898,-0.056661991584852744,0.0373662551440328
17,9,0.20904860809998693,0.21741055242398644,0.15441176470588236,0.16312056737588654,0.2222222222222221,0.18376068376068377,-0.008361944323999504,-0.008708802670004179,0.038461538461538325
17,10,0.18396277512798853,0.18814374728998826,0.11818181818181818,0.1016260162601626,0.26767676767676774,0.3012345679012345,-0.004180972161999724,0.01655580192165558,-0.03355780022446675
17,11,0.17978180296598878,0.15469596999399032,0.10833333333333334,0.059322033898305086,0.3410852713178294,0.47447447447447444,0.025085832971998456,0.04901129943502825,-0.13338920315664504
18,0,0.22995346890998564,0.25922027404398384,0.21153846153846154,0.27925531914893614,0.1656565656565656,0.08602150537634401,-0.02926680513399821,-0.0677168576104746,0.0796350602802216
18,1,0.12542916485999217,0.17560083080398906,0.045454545454545456,0.0784313725490196,0.3407407407407408,0.28042328042328046,-0.050171665943996885,-0.03297682709447415,0.060317460317460325
18,2,0.17560083080398906,0.17560083080398906,0.10526315789473684,0.11458333333333333,0.23809523809523814,0.2486772486772486,0.0,-0.009320175438596492,-0.01058201058201047
18,3,0.15469596999399032,0.14215305350799112,0.0755813953488372,0.038461538461538464,0.3363363363363363,0.3594771241830066,0.0125429164859992,0.03711985688729874,-0.023140787846670285
18,4,0.1714198586419893,0.17978180296598878,0.13043478260869565,0.1619047619047619,0.24390243902439024,0.26356589147286824,-0.008361944323999476,-0.031469979296066264,-0.019663452448478003
18,5,0.2383154132339851,0.2257724967479859,0.23952095808383234,0.21895424836601307,0.15594541910331383,0.18106995884773647,0.0125429164859992,0.020566709717819265,-0.025124539744422636
18,6,0.19650569161398773,0.18814374728998826,0.1859504132231405,0.13865546218487396,0.2364066193853427,0.27654320987654324,0.008361944323999476,0.04729495103826653,-0.04013659049120055
18,7,0.2341344410719854,0.2215915245859862,0.21212121212121213,0.21140939597315436,0.17460317460317465,0.19287211740041932,0.0125429164859992,0.0007118161480577645,-0.01826894279724467
18,8,0.20904860809998693,0.2257724967479859,0.17142857142857143,0.23026315789473684,0.23555555555555552,0.17695473251028804,-0.01672388864799898,-0.058834586466165406,0.05860082304526748
18,9,0.19650569161398773,0.2215915245859862,0.1532258064516129,0.22039473684210525,0.2458628841607564,0.20545073375262057,-0.025085832971998456,-0.06716893039049235,0.04041215040813584
18,10,0.18814374728998826,0.20904860809998693,0.11504424778761062,0.17777777777777778,0.24691358024691357,0.21333333333333337,-0.020904860809998677,-0.06273352999016717,0.03358024691358019
18,11,0.17978180296598878,0.15887694215599008,0.12301587301587301,0.09595959595959595,0.36175710594315236,0.3742690058479532,0.020904860809998704,0.027056277056277056,-0.012511899904800838
19,0,0.2872983699298601,0.2929316713010338,0.29856115107913667,0.30344827586206896,0.056372549019607865,0.05288461538461542,-0.005633301371173738,-0.004887124782932295,0.003487933634992446
19,1,0.18026564387755928,0.18026564387755928,0.09375,0.08823529411764706,0.2734375,0.3125,0.0,0.0055147058823529355,-0.0390625
19,2,0.21406545210460165,0.21406545210460165,0.16875,0.1518987341772152,0.17105263157894735,0.16447368421052633,0.0,0.016851265822784817,0.006578947368421018
19,3,0.18589894524873302,0.15773243839286438,0.07352941176470588,0.03508771929824561,0.2765151515151516,0.3660714285714286,0.028166506855868634,0.03844169246646027,-0.089556277056277
19,4,0.18589894524873302,0.18589894524873302,0.08783783783783784,0.13970588235294118,0.31439393939393945,0.26136363636363646,0.0,-0.05186804451510334,0.05303030303030298
19,5,0.25913186307399144,0.2703984658163389,0.2565217391304348,0.276,0.11413043478260865,0.09895833333333326,-0.011266602742347476,-0.019478260869565223,0.015172101449275388
19,6,0.21406545210460165,0.24223195896047028,0.14534883720930233,0.20588235294117646,0.2236842105263157,0.1366279069767442,-0.028166506855868634,-0.06053351573187413,0.0870563035495715
19,7,0.27603176718751266,0.247865260331644,0.25925925925925924,0.1981981981981982,0.10969387755102034,0.1647727272727273,0.02816650685586866,0.061061061061061045,-0.05507884972170696
19,8,0.2872983699298601,0.2872983699298601,0.2907801418439716,0.2907801418439716,0.07107843137254899,0.07107843137254899,0.0,0.0,0.0
19,9,0.2816650685586864,0.2647651644451652,0.27941176470588236,0.23228346456692914,0.08499999999999996,0.14095744680851063,0.016899904113521214,0.04712830013895322,-0.05595744680851067
19,10,0.25349856170281776,0.25349856170281776,0.24107142857142858,0.2217391304347826,0.13055555555555554,0.15277777777777768,0.0,0.01933229813664597,-0.022222222222222143
19,11,0.2253320548469491,0.19716554799108046,0.1796116504854369,0.10752688172043011,0.25,0.35357142857142865,0.028166506855868634,0.07208476876500679,-0.10357142857142865
20,0,0.11428571428571428,0.22482819824724612,0.06675392670157068,0.22466960352422907,0.34305555555555567,0.1428571428571428,-0.11054248396153184,-0.1579156768226584,0.20019841269841288
20,1,0.07261904761904762,0.10920226772009096,0.004329004329004329,0.02127659574468085,0.5027322404371586,0.47058823529411753,-0.03658322010104334,-0.016947591415676522,0.032144005143041054
20,2,0.0761904761904762,0.147744244562476,0.019704433497536946,0.056910569105691054,0.41874999999999996,0.34347826086956523,-0.07155376837199981,-0.03720613560815411,0.07527173913043472
20,3,0.07380952380952381,0.147744244562476,0.006607929515418502,0.047619047619047616,0.4838709677419355,0.3521739130434782,-0.0739347207529522,-0.04101111810362911,0.13169705469845727
20,4,0.07738095238095238,0.1316850875448156,0.008333333333333333,0.06818181818181818,0.4820512820512821,0.41219512195121943,-0.054304135163863204,-0.059848484848484845,0.06985616010006268
20,5,0.10833333333333334,0.2055572098260536,0.07692307692307693,0.18974358974358974,0.33846153846153837,0.1812499999999999,-0.09722387649272027,-0.11282051282051281,0.15721153846153846
20,6,0.10238095238095238,0.16701523298366852,0.0583596214511041,0.11764705882352941,0.34883720930232553,0.24615384615384617,-0.06463428060271614,-0.05928743737242531,0.10268336314847937
20,7,0.11547619047619048,0.2280400296507782,0.05747126436781609,0.23739495798319327,0.4027491408934709,0.1563380281690141,-0.1125638391745877,-0.1799236936153772,0.24641111272445682
20,8,0.10595238095238095,0.22482819824724612,0.04939759036144578,0.22268907563025211,0.45992509363295886,0.17714285714285705,-0.11887581729486517,-0.17329148526880633,0.2827822364901018
20,9,0.09404761904761905,0.19592171561545732,0.03363914373088685,0.18324607329842932,0.4337552742616033,0.24098360655737694,-0.10187409656783827,-0.14960692956754246,0.19277166770422638
20,10,0.0869047619047619,0.14132058175541184,0.019927536231884056,0.05504587155963303,0.4328767123287671,0.3318181818181818,-0.054415819850649944,-0.035118335327748974,0.10105853051058533
20,11,0.08214285714285714,0.1284732561412835,0.029850746268656716,0.034782608695652174,0.49082125603864735,0.4149999999999998,-0.04633039899842635,-0.0049318624269954585,0.07582125603864753
21,0,0.18511668211393165,0.25922027404398384,0.1565040650406504,0.26881720430107525,0.22914072229140725,0.06810035842293893,-0.0741035919300522,-0.11231313926042485,0.16104036386846832
21,1,0.11411302322091676,0.1505149978319906,0.015384615384615385,0.04938271604938271,0.4161616161616162,0.31481481481481466,-0.036401974611073834,-0.03399810066476733,0.10134680134680152
21,2,0.11411302322091676,0.14215305350799112,0.029661016949152543,0.05223880597014925,0.38383838383838387,0.30718954248366015,-0.028040030287074358,-0.02257778902099671,0.07664884135472372
21,3,0.13186393794417048,0.15469596999399032,0.03496503496503497,0.06172839506172839,0.32867132867132876,0.2942942942942943,-0.022832032049819845,-0.026763360096693424,0.03437703437703443
21,4,0.13186393794417048,0.17978180296598878,0.04609929078014184,0.10714285714285714,0.3251748251748252,0.21705426356589141,-0.0479178650218183,-0.061043566362715296,0.1081205616089338
21,5,0.17750914723253716,0.22995346890998564,0.13507109004739337,0.20723684210526316,0.1792207792207794,0.14141414141414144,-0.052444321677448474,-0.07216575205786979,0.037806637806637955
21,6,0.16229407746974828,0.20068666377598746,0.08375634517766498,0.13636363636363635,0.26136363636363646,0.20370370370370372,-0.03839258630623918,-0.05260729118597138,0.057659932659932744
21,7,0.18765252707439645,0.2466773575579846,0.1392156862745098,0.21666666666666667,0.23095823095823098,0.14689265536723162,-0.05902483048358814,-0.07745098039215687,0.08406557559099936
21,8,0.15975823250928348,0.21741055242398644,0.05741626794258373,0.14093959731543623,0.31457431457431473,0.21794871794871784,-0.05765231991470296,-0.0835233293728525,0.09662559662559689
21,9,0.1648299224302131,0.2215915245859862,0.06872037914691943,0.1437908496732026,0.28251748251748254,0.20964360587002084,-0.05676160215577308,-0.07507047052628317,0.0728738766474617
21,10,0.12425640306277602,0.17978180296598878,0.057692307692307696,0.11165048543689321,0.3376623376623378,0.25322997416020665,-0.05552539990321276,-0.053958177744585514,0.08443236350213112
21,11,0.11664886818138157,0.15887694215599008,0.05785123966942149,0.10526315789473684,0.37944664031620556,0.368421052631579,-0.04222807397460851,-0.04741191822531535,0.011025587684626581
22,0,0.25922027404398384,0.2675822183679833,0.2700534759358289,0.2864321608040201,0.07885304659498193,0.0659722222222221,-0.008361944323999448,-0.016378684868191218,0.012880824372759836
22,1,0.15469596999399032,0.14215305350799112,0.06666666666666667,0.07692307692307693,0.36036036036036023,0.3856209150326797,0.0125429164859992,-0.010256410256410262,-0.02526055467231947
22,2,0.17978180296598878,0.1714198586419893,0.09615384615384616,0.07216494845360824,0.26356589147286824,0.2872628726287263,0.008361944323999476,0.02398889770023792,-0.023696981155858055
22,3,0.1630579143179898,0.16723888647998958,0.056818181818181816,0.04081632653061224,0.28490028490028485,0.3222222222222222,-0.00418097216199978,0.016001855287569575,-0.03732193732193734
22,4,0.17560083080398906,0.18396277512798853,0.10891089108910891,0.10550458715596331,0.2751322751322751,0.26262626262626254,-0.008361944323999476,0.003406303933145602,0.012506012506012576
22,5,0.2550393018819841,0.24249638539598486,0.2648648648648649,0.21929824561403508,0.1092896174863387,0.13793103448275867,0.012542916485999228,0.045566619250829804,-0.028641416996419977
22,6,0.2048676359379872,0.17978180296598878,0.18487394957983194,0.13917525773195877,0.1541950113378685,0.2222222222222221,0.02508583297199843,0.045698691847873174,-0.0680272108843536
22,7,0.25922027404398384,0.2550393018819841,0.245,0.24345549738219896,0.1254480286738351,0.12750455373406178,0.004180972161999752,0.0015445026178010357,-0.0020565250602266882
22,8,0.25922027404398384,0.24249638539598486,0.2710526315789474,0.2413793103448276,0.09677419354838701,0.15325670498084287,0.01672388864799898,0.02967332123411978,-0.05648251143245586
22,9,0.24249638539598486,0.21741055242398644,0.25149700598802394,0.1830065359477124,0.12260536398467425,0.22649572649572636,0.02508583297199843,0.06849047004031153,-0.1038903625110521
22,10,0.2550393018819841,0.2215915245859862,0.25,0.15,0.10564663023679421,0.24318658280922434,0.033447777295997905,0.1,-0.13753995257243012
22,11,0.20068666377598746,0.2215915245859862,0.11904761904761904,0.1875,0.33333333333333326,0.2264150943396226,-0.020904860809998732,-0.06845238095238096,0.10691823899371067
23,0,0.1977959069162557,0.2550393018819841,0.19288389513108614,0.26229508196721313,0.18414918414918424,0.09471766848816032,-0.05724339496572839,-0.06941118683612699,0.08943151566102392
23,1,0.11157717826045195,0.1714198586419893,0.02654867256637168,0.07368421052631578,0.3925619834710745,0.2764227642276422,-0.05984268038153735,-0.0471355379599441,0.11613921924343229
23,2,0.12679224802324085,0.16723888647998958,0.03146853146853147,0.06111111111111111,0.37454545454545474,0.2777777777777777,-0.04044663845674873,-0.029642579642579638,0.09676767676767706
23,3,0.10650548833952231,0.15469596999399032,0.021367521367521368,0.04938271604938271,0.445887445887446,0.2942942942942943,-0.048190481654468015,-0.028015194681861345,0.15159315159315168
23,4,0.11664886818138157,0.1630579143179898,0.05909090909090909,0.08620689655172414,0.324110671936759,0.2735042735042734,-0.046409046136608234,-0.027115987460815054,0.0506063984324856
23,5,0.18004499219300202,0.2466773575579846,0.1689497716894977,0.27167630057803466,0.18693982074263782,0.11676082862523529,-0.06663236536498257,-0.10272652888853695,0.07017899211740253
23,6,0.15975823250928348,0.20068666377598746,0.12222222222222222,0.1724137931034483,0.23376623376623384,0.17129629629629628,-0.04092843126670398,-0.05019157088122607,0.062469937469937564
23,7,0.1977959069162557,0.25922027404398384,0.16425992779783394,0.2807486631016043,0.2051282051282053,0.07885304659498193,-0.06142436712772814,-0.11648873530377035,0.12627515853322335
23,8,0.15722238754881862,0.2341344410719854,0.08409090909090909,0.2238372093023256,0.36656891495601185,0.19047619047619047,-0.07691205352316677,-0.13974630021141649,0.17609272447982138
23,9,0.17497330227207236,0.22995346890998564,0.09183673469387756,0.19578313253012047,0.3003952569169961,0.19797979797979792,-0.054980166637913275,-0.10394639783624292,0.10241545893719817
23,10,0.13439978290463528,0.2048676359379872,0.03125,0.14028776978417265,0.41509433962264164,0.25850340136054406,-0.07046785303335193,-0.10903776978417265,0.15659093826209758
23,11,0.13439978290463528,0.18814374728998826,0.02926829268292683,0.14925373134328357,0.49056603773584917,0.3407407407407408,-0.05374396438535298,-0.11998543866035674,0.14982529699510838
24,0,0.1406362773680305,0.26340124620598354,0.09689922480620156,0.2786458333333333,0.2628571428571429,0.06349206349206349,-0.12276496883795304,-0.18174660852713176,0.1993650793650794
24,1,0.09141358028921981,0.13379110918399165,0.010460251046025104,0.02666666666666667,0.4516483516483516,0.4097222222222221,-0.04237752889477184,-0.016206415620641564,0.0419261294261295
24,2,0.09141358028921981,0.1630579143179898,0.052884615384615384,0.07647058823529412,0.41428571428571437,0.2735042735042734,-0.07164433402876999,-0.02358597285067874,0.14078144078144095
24,3,0.08297540364713799,0.15887694215599008,0.01282051282051282,0.04395604395604396,0.45399515738498786,0.33333333333333326,-0.07590153850885209,-0.03113553113553114,0.1206618240516546
24,4,0.08297540364713799,0.1630579143179898,0.035897435897435895,0.05,0.48305084745762716,0.3475783475783476,-0.08008251067085181,-0.014102564102564108,0.13547249987927956
24,5,0.12938537517858803,0.24249638539598486,0.0972644376899696,0.24269005847953215,0.25310559006211175,0.14176245210727956,-0.11311101021739683,-0.14542562078956256,0.1113431379548322
24,6,0.10547720802602285,0.19232471945198798,0.09174311926605505,0.17272727272727273,0.2523809523809524,0.2028985507246377,-0.08684751142596513,-0.08098415346121768,0.04948240165631468
24,7,0.1420426401417108,0.2550393018819841,0.10833333333333334,0.24202127659574468,0.2920792079207921,0.1165755919854281,-0.11299666174027329,-0.13368794326241135,0.175503615935364
24,8,0.12235356131018653,0.24249638539598486,0.084070796460177,0.23563218390804597,0.3538587848932677,0.14942528735632177,-0.12014282408579834,-0.15156138744786896,0.20443349753694595
24,9,0.115321747441785,0.25922027404398384,0.09049079754601227,0.27225130890052357,0.3902439024390245,0.10035842293906816,-0.14389852660219885,-0.1817605113545113,0.28988547949995636
24,10,0.11391538466810468,0.2257724967479859,0.07384615384615385,0.22333333333333333,0.40828924162257496,0.16049382716049387,-0.11185711207988124,-0.1494871794871795,0.2477954144620811
24,11,0.10125811970498194,0.2132295802619867,0.05555555555555555,0.20955882352941177,0.49404761904761907,0.1917211328976034,-0.11197146055700477,-0.15400326797385622,0.30232648615001567
25,0,0.21519270403664986,0.2929316713010338,0.19103773584905662,0.30344827586206896,0.17164179104477606,0.05288461538461542,-0.07773896726438395,-0.11241054001301234,0.11875717566016064
25,1,0.16380340158013645,0.17463234250638557,0.06578947368421052,0.07258064516129033,0.3313725490196078,0.30241935483870974,-0.010828940926249114,-0.006791171477079805,0.028953194180898034
25,2,0.147744244562476,0.21406545210460165,0.07142857142857142,0.13924050632911392,0.326086956521739,0.16447368421052633,-0.06632120754212564,-0.06781193490054249,0.1616132723112127
25,3,0.1509560759660081,0.2027988493622542,0.04779411764705882,0.1,0.36808510638297864,0.20138888888888884,-0.0518427733962461,-0.052205882352941185,0.1666962174940898
25,4,0.13810875035187975,0.19716554799108046,0.044642857142857144,0.12987012987012986,0.36046511627906974,0.2607142857142857,-0.059056797639200714,-0.08522727272727271,0.09975083056478407
25,5,0.20234537842252148,0.25913186307399144,0.20789473684210527,0.2543103448275862,0.18888888888888888,0.11956521739130443,-0.05678648465146996,-0.04641560798548092,0.06932367149758445
25,6,0.16380340158013645,0.2253320548469491,0.15891472868217055,0.15425531914893617,0.23333333333333317,0.19999999999999996,-0.061528653266812644,0.0046594095332343766,0.033333333333333215
25,7,0.256946512282567,0.2816650685586864,0.2929824561403509,0.2753623188405797,0.0674999999999999,0.09000000000000008,-0.024718556276119408,0.017620137299771188,-0.022500000000000187
25,8,0.20234537842252148,0.2816650685586864,0.22631578947368422,0.2733812949640288,0.19206349206349205,0.09499999999999997,-0.07931969013616491,-0.04706550549034458,0.09706349206349207
25,9,0.18628622140486106,0.2929316713010338,0.1807909604519774,0.29931972789115646,0.2655172413793103,0.0625,-0.10664544989617275,-0.11852876743917906,0.20301724137931032
25,10,0.15737973877307226,0.247865260331644,0.12878787878787878,0.22018348623853212,0.3040816326530611,0.1477272727272727,-0.09048552155857173,-0.09139560745065334,0.1563543599257884
25,11,0.1509560759660081,0.21969875347577536,0.09859154929577464,0.15841584158415842,0.3936170212765957,0.27243589743589736,-0.06874267750976726,-0.059824292288383776,0.12118112384069835
26,0,0.21554682163950942,0.2872983699298601,0.19968051118210864,0.2971014492753623,0.14759358288770064,0.03676470588235303,-0.07175154829035066,-0.09742093809325367,0.1108288770053476
26,1,0.1039696433790575,0.17463234250638557,0.022321428571428572,0.06153846153846154,0.44789356984478945,0.3266129032258065,-0.07066269912732807,-0.039217032967032966,0.12128066661898296
26,2,0.11918471314184638,0.18589894524873302,0.048,0.06944444444444445,0.3752417794970988,0.2992424242424243,-0.06671423210688664,-0.021444444444444447,0.0759993552546745
26,3,0.12172055810231121,0.16899904113521183,0.051094890510948905,0.05384615384615385,0.4015151515151516,0.3583333333333334,-0.04727848303290062,-0.002751263335204944,0.04318181818181821
26,4,0.11918471314184638,0.19716554799108046,0.06015037593984962,0.18181818181818182,0.4100580270793037,0.2607142857142857,-0.07798083484923408,-0.1216678058783322,0.14934374136501805
26,5,0.19526006195579088,0.2816650685586864,0.1794871794871795,0.29850746268656714,0.21959858323494696,0.07000000000000006,-0.08640500660289552,-0.11902028319938765,0.1495985832349469
26,6,0.13947147282556493,0.2084321507334279,0.11,0.19375,0.29421487603305785,0.21959459459459452,-0.06896067790786298,-0.08375,0.07462028143846333
26,7,0.17243745731160753,0.24223195896047028,0.14772727272727273,0.25961538461538464,0.25668449197860976,0.15988372093023262,-0.06979450164886275,-0.1118881118881119,0.09680077104837714
26,8,0.18258083715346682,0.247865260331644,0.14147286821705427,0.23893805309734514,0.2752525252525253,0.17613636363636354,-0.06528442317817718,-0.09746518488029088,0.09911616161616177
26,9,0.16990161235114273,0.3041982740433813,0.07991803278688525,0.3184713375796178,0.33107191316146545,0.03240740740740744,-0.13429666169223856,-0.23855330479273257,0.298664505754058
26,10,0.18004499219300202,0.2929316713010338,0.125,0.29931972789115646,0.2944942381562101,0.0625,-0.1128866791080318,-0.17431972789115646,0.23199423815621012
26,11,0.12932809298370565,0.21969875347577536,0.0546875,0.11650485436893204,0.49197860962566864,0.27243589743589736,-0.09037066049206971,-0.06181735436893204,0.21954271218977128
27,0,0.19526006195579088,0.23446369245784238,0.15217391304347827,0.24066390041493776,0.2266824085005903,0.10821917808219172,-0.0392036305020515,-0.0884899873714595,0.11846323041839857
27,1,0.11157717826045195,0.1252614247377514,0.015625,0.02577319587628866,0.4297520661157026,0.39230769230769225,-0.013684246477299447,-0.010148195876288658,0.037444373808010356
27,2,0.11664886818138157,0.13489691894834765,0.05042016806722689,0.04807692307692308,0.3596837944664033,0.36190476190476173,-0.01824805076696609,0.0023432449903038124,-0.0022209674383584233
27,3,0.10904133329998712,0.11241409912362306,0.01282051282051282,0.011764705882352941,0.4059196617336154,0.4028571428571428,-0.003372765823635937,0.001055806938159879,0.0030625188764725753
27,4,0.10904133329998712,0.1316850875448156,0.03418803418803419,0.11274509803921569,0.4186046511627908,0.36341463414634134,-0.022643754244828465,-0.0785570638511815,0.05519001701644943
27,5,0.18511668211393165,0.19913354701898942,0.15254237288135594,0.17119565217391305,0.19676214196762154,0.19354838709677402,-0.014016864905057769,-0.018653279292557112,0.0032137548708475183
27,6,0.14200731778602974,0.1766507271942648,0.10139860139860139,0.14189189189189189,0.24350649350649367,0.2272727272727273,-0.03464340940823507,-0.04049329049329049,0.016233766233766378
27,7,0.20540344179765016,0.20234537842252148,0.20238095238095238,0.1707920792079208,0.19079685746352415,0.23015873015873,0.003058063375128678,0.03158887317303158,-0.03936187269520586
27,8,0.18765252707439645,0.20876904122958567,0.15338645418326693,0.1598173515981735,0.2211302211302213,0.23230769230769233,-0.021116514155189225,-0.006430897414906572,-0.011177471177471032
27,9,0.1648299224302131,0.19270988421192523,0.1076555023923445,0.15816326530612246,0.28811188811188826,0.2633333333333332,-0.02787996178171212,-0.050507762913777954,0.024778554778555062
27,10,0.12679224802324085,0.16059157017660436,0.07258064516129033,0.08223684210526316,0.30545454545454565,0.3599999999999999,-0.03379932215336351,-0.009656196943972836,-0.05454545454545423
27,11,0.09889795345812785,0.14132058175541184,0.015625,0.06474820143884892,0.5780885780885783,0.45454545454545436,-0.04242262829728399,-0.04912320143884892,0.12354312354312391
28,0,0.18425328710953617,0.25085832971998434,0.1685878962536023,0.2571428571428571,0.22222222222222232,0.08518518518518503,-0.06660504261044817,-0.08855496088925482,0.1370370370370373
28,1,0.11464648975704474,0.14215305350799112,0.023668639053254437,0.06962025316455696,0.392857142857143,0.3790849673202614,-0.027506563750946386,-0.045951614111302524,0.013772175536881592
28,2,0.10441019602873718,0.17560083080398906,0.03571428571428571,0.09183673469387756,0.36764705882352944,0.2592592592592593,-0.07119063477525188,-0.056122448979591844,0.10838779956427014
28,3,0.10441019602873718,0.16723888647998958,0.03,0.05102040816326531,0.4035947712418302,0.3222222222222222,-0.0628286904512524,-0.02102040816326531,0.081372549019608
28,4,0.10031567853741415,0.1630579143179898,0.030405405405405407,0.109375,0.44387755102040827,0.3418803418803418,-0.06274223578057565,-0.0789695945945946,0.10199720914006649
28,5,0.15763892341593652,0.22995346890998564,0.13148148148148148,0.21428571428571427,0.2803030303030303,0.18181818181818188,-0.07231454549404912,-0.0828042328042328,0.0984848484848484
28,6,0.14535537094196743,0.19232471945198798,0.09012875536480687,0.19130434782608696,0.289906103286385,0.23671497584541057,-0.04696934851002055,-0.10117559246128009,0.05319112744097443
28,7,0.16582795839858258,0.24249638539598486,0.13765822784810128,0.19337016574585636,0.2973251028806585,0.16858237547892707,-0.07666842699740228,-0.05571193789775508,0.12874272740173143
28,8,0.1535444059246135,0.2341344410719854,0.13409961685823754,0.1875,0.28555555555555556,0.18253968253968256,-0.0805900351473719,-0.05340038314176246,0.103015873015873
28,9,0.13102455972233684,0.2257724967479859,0.09405940594059406,0.19230769230769232,0.31510416666666674,0.1934156378600822,-0.09474793702564907,-0.09824828636709826,0.12168852880658454
28,10,0.10850471352006019,0.18814374728998826,0.06390977443609022,0.06967213114754098,0.3128930817610063,0.2962962962962963,-0.07963903376992806,-0.005762356711450756,0.016596785464709995
28,11,0.10645745477439868,0.17978180296598878,0.051351351351351354,0.11440677966101695,0.5,0.3359173126614987,-0.0733243481915901,-0.0630554283096656,0.1640826873385013
29,0,0.23446369245784238,0.2675822183679833,0.23529411764705882,0.2864321608040201,0.09178082191780823,0.0659722222222221,-0.03311852591014092,-0.0511380431569613,0.025808599695586132
29,1,0.1252614247377514,0.13379110918399165,0.004807692307692308,0.03571428571428571,0.428205128205128,0.3819444444444444,-0.008529684446240249,-0.030906593406593404,0.046260683760683596
29,2,0.14453241315894394,0.1630579143179898,0.0625,0.05913978494623656,0.3222222222222222,0.31908831908831914,-0.01852550115904586,0.003360215053763438,0.0031339031339030488
29,3,0.1252614247377514,0.17560083080398906,0.03365384615384615,0.056074766355140186,0.4230769230769229,0.30687830687830675,-0.05033940606623766,-0.022420920201294034,0.11619861619861616
29,4,0.14132058175541184,0.20068666377598746,0.08943089430894309,0.15447154471544716,0.38636363636363624,0.21759259259259256,-0.05936608202057561,-0.06504065040650407,0.16877104377104368
29,5,0.19913354701898942,0.2466773575579846,0.16137566137566137,0.2585227272727273,0.2129032258064516,0.13182674199623357,-0.047543810538995174,-0.09714706589706593,0.08107648381021804
29,6,0.18628622140486106,0.2132295802619867,0.12352941176470589,0.1879432624113475,0.2413793103448274,0.20915032679738554,-0.02694335885712565,-0.06441385064664162,0.03222898354744186
29,7,0.22161636684371402,0.2675822183679833,0.17446808510638298,0.28921568627450983,0.18985507246376798,0.09027777777777768,-0.04596585152426927,-0.11474760116812685,0.0995772946859903
29,8,0.21198087263311774,0.27594416269198274,0.13211382113821138,0.2903225806451613,0.2545454545454544,0.07407407407407396,-0.063963290058865,-0.15820875950694993,0.18047138047138045
29,9,0.19270988421192523,0.26340124620598354,0.1175,0.27040816326530615,0.2833333333333332,0.09171075837742504,-0.07069136199405832,-0.15290816326530615,0.19162257495590818
29,10,0.16701523298366852,0.2550393018819841,0.06764705882352941,0.25,0.36153846153846136,0.1129326047358834,-0.08802406889831557,-0.1823529411764706,0.24860585680257796
29,11,0.14132058175541184,0.2132295802619867,0.05474452554744526,0.19,0.4409090909090909,0.24836601307189543,-0.07190899850657487,-0.13525547445255476,0.1925430778371955
30,0,0.2550393018819841,0.22061851156043907,0.25935828877005346,0.22884012539184953,0.1129326047358834,0.12539184952978055,0.03442079032154502,0.030518163378203927,-0.01245924479389715
30,1,0.1714198586419893,0.12679224802324085,0.10526315789473684,0.03900709219858156,0.2764227642276422,0.3527272727272728,0.04462761061874845,0.06625606569615528,-0.07630450849963055
30,2,0.18396277512798853,0.12679224802324085,0.1,0.07307692307692308,0.23737373737373724,0.32000000000000006,0.05717052710474768,0.026923076923076925,-0.08262626262626283
30,3,0.15887694215599008,0.11157717826045195,0.046511627906976744,0.017241379310344827,0.29824561403508776,0.37603305785123986,0.047299763895538124,0.029270248596631916,-0.0777874438161521
30,4,0.17978180296598878,0.11664886818138157,0.10377358490566038,0.07272727272727272,0.2739018087855296,0.32806324110671947,0.06313293478460721,0.03104631217838766,-0.05416143232118986
30,5,0.25085832971998434,0.17750914723253716,0.2737430167597765,0.17777777777777778,0.1148148148148147,0.22857142857142865,0.07334918248744718,0.09596523898199874,-0.11375661375661394
30,6,0.17978180296598878,0.16229407746974828,0.19306930693069307,0.1484375,0.24806201550387597,0.25284090909090917,0.017487725496240503,0.044631806930693074,-0.004778893587033206
30,7,0.2466773575579846,0.18511668211393165,0.225,0.11132075471698114,0.14689265536723162,0.268991282689913,0.06156067544405294,0.11367924528301887,-0.1220986273226814
30,8,0.25085832971998434,0.20286759683718536,0.25977653631284914,0.13174603174603175,0.1148148148148147,0.24318181818181817,0.04799073288279898,0.1280305045668174,-0.12836700336700346
30,9,0.22995346890998564,0.18511668211393165,0.25,0.13636363636363635,0.16969696969696968,0.24657534246575352,0.04483678679605399,0.11363636363636365,-0.07687837276878384
30,10,0.17560083080398906,0.14454316274649456,0.15841584158415842,0.08132530120481928,0.2751322751322751,0.3030303030303032,0.031057668057494492,0.07709054037933914,-0.027898027898028088
30,11,0.19232471945198798,0.12172055810231121,0.14728682170542637,0.0756578947368421,0.2946859903381642,0.4242424242424243,0.07060416134967677,0.07162892696858426,-0.12955643390426008
31,0,0.19526006195579088,0.2929316713010338,0.1564748201438849,0.30344827586206896,0.2290436835891383,0.05288461538461542,-0.09767160934524294,-0.14697345571818407,0.17615906820452287
31,1,0.12679224802324085,0.18026564387755928,0.05862068965517241,0.08064516129032258,0.38909090909090915,0.25,-0.05347339585431843,-0.022024471635150165,0.13909090909090915
31,2,0.13439978290463528,0.19716554799108046,0.06993006993006994,0.1,0.3087478559176673,0.21071428571428563,-0.06276576508644519,-0.03006993006993007,0.09803357020338166
31,3,0.10904133329998712,0.19153224661990673,0.021367521367521368,0.11029411764705882,0.4186046511627908,0.2279411764705883,-0.0824909133199196,-0.08892659627953745,0.19066347469220246
31,4,0.10143379841859268,0.2027988493622542,0.03365384615384615,0.15753424657534246,0.4363636363636365,0.1875,-0.10136505094366152,-0.12388040042149631,0.2488636363636365
31,5,0.17497330227207236,0.2703984658163389,0.17298578199052134,0.2677165354330709,0.2028985507246377,0.109375,-0.09542516354426656,-0.09473075344254955,0.0935235507246377
31,6,0.1496148526674242,0.25349856170281776,0.08187134502923976,0.21875,0.27426810477657937,0.13055555555555554,-0.10388370903539357,-0.13687865497076024,0.14371254922102383
31,7,0.1977959069162557,0.2929316713010338,0.18518518518518517,0.30689655172413793,0.18881118881118897,0.05288461538461542,-0.09513576438477811,-0.12171136653895276,0.13592657342657355
31,8,0.1496148526674242,0.2872983699298601,0.09217877094972067,0.29577464788732394,0.2989214175654855,0.0759803921568627,-0.13768351726243588,-0.20359587693760328,0.22294102540862282
31,9,0.13947147282556493,0.2647651644451652,0.08522727272727272,0.244,0.37685950413223157,0.13031914893617014,-0.12529369161960024,-0.1587727272727273,0.24654035519606143
31,10,0.1369356278651001,0.2084321507334279,0.08695652173913043,0.10989010989010989,0.3535353535353536,0.2804054054054055,-0.0714965228683278,-0.022933588150979456,0.07312994812994811
31,11,0.11918471314184638,0.19153224661990673,0.05654761904761905,0.11627906976744186,0.5106382978723405,0.33823529411764697,-0.07234753347806035,-0.05973145071982281,0.17240300375469353
32,0,0.2280400296507782,0.27176319052998305,0.21336206896551724,0.29024390243902437,0.13098591549295757,0.058119658119658135,-0.04372316087920486,-0.07688183347350713,0.07286625737329944
32,1,0.13489691894834765,0.12961013702199192,0.05045871559633028,0.03424657534246575,0.3761904761904762,0.41577060931899634,0.0052867819263557325,0.016212140253864527,-0.039580133128520156
32,2,0.147744244562476,0.17978180296598878,0.08050847457627118,0.11650485436893204,0.31739130434782603,0.25839793281653733,-0.03203755840351277,-0.03599637979266086,0.058993371531288696
32,3,0.1509560759660081,0.1630579143179898,0.032,0.04891304347826087,0.31702127659574453,0.3019943019943019,-0.012101838351981697,-0.01691304347826087,0.015026974601442644
32,4,0.16701523298366852,0.1714198586419893,0.08278145695364239,0.075,0.31153846153846154,0.3035230352303522,-0.004404625658320782,0.007781456953642393,0.008015426308109364
32,5,0.21519270403664986,0.24249638539598486,0.1912442396313364,0.2411764705882353,0.18358208955223865,0.13793103448275867,-0.027303681359335003,-0.04993223095689889,0.04565105506947997
32,6,0.1509560759660081,0.1714198586419893,0.11711711711711711,0.13043478260869565,0.253191489361702,0.24390243902439024,-0.0204637826759812,-0.013317665491578534,0.009289050337311755
32,7,0.2473110180719707,0.28430610701598225,0.24372759856630824,0.30837004405286345,0.12337662337662336,0.0490196078431373,-0.036995088944011545,-0.0646424454865552,0.07435701553348606
32,8,0.19913354701898942,0.2466773575579846,0.17204301075268819,0.2571428571428571,0.19999999999999996,0.128060263653484,-0.047543810538995174,-0.08509984639016893,0.07193973634651596
32,9,0.1734388957907327,0.2215915245859862,0.11949685534591195,0.16455696202531644,0.2962962962962963,0.2222222222222221,-0.04815262879525348,-0.045060106679404494,0.07407407407407418
32,10,0.18628622140486106,0.2132295802619867,0.1349206349206349,0.1346153846153846,0.29655172413793096,0.2570806100217864,-0.02694335885712565,0.00030525030525030417,0.03947111411614457
32,11,0.15737973877307226,0.19232471945198798,0.09259259259259259,0.1357142857142857,0.41428571428571415,0.33333333333333326,-0.034944980678915716,-0.043121693121693117,0.08095238095238089
33,0,0.21840453544018193,0.27176319052998305,0.19555555555555557,0.29024390243902437,0.18823529411764706,0.058119658119658135,-0.053358655089801116,-0.0946883468834688,0.13011563599798892
33,1,0.12204959333421932,0.16723888647998958,0.02040816326530612,0.09574468085106383,0.42105263157894735,0.30000000000000004,-0.04518929314577026,-0.07533651758575771,0.1210526315789473
33,2,0.147744244562476,0.1714198586419893,0.09009009009009009,0.11290322580645161,0.28695652173913033,0.2547425474254743,-0.023675614079513296,-0.022813135716361524,0.032213974313656024
33,3,0.1316850875448156,0.16723888647998958,0.022727272727272728,0.05392156862745098,0.4073170731707316,0.33333333333333326,-0.03555379893517399,-0.031194295900178255,0.07398373983739837
33,4,0.16059157017660436,0.18814374728998826,0.10227272727272728,0.11637931034482758,0.2799999999999998,0.2666666666666666,-0.027552177113383897,-0.014106583072100304,0.013333333333333197
33,5,0.21198087263311774,0.2383154132339851,0.2132701421800948,0.23765432098765432,0.19090909090909092,0.12475633528265107,-0.026334540600867373,-0.024384178807559526,0.06615275562643985
33,6,0.1541679073695402,0.17978180296598878,0.11475409836065574,0.1683673469387755,0.2833333333333332,0.2222222222222221,-0.025613895596448583,-0.05361324857811976,0.061111111111111116
33,7,0.23446369245784238,0.2341344410719854,0.19548872180451127,0.18263473053892215,0.17123287671232879,0.1785714285714286,0.0003292513858569879,0.012853991265589115,-0.007338551859099818
33,8,0.22161636684371402,0.2383154132339851,0.2423580786026201,0.20348837209302326,0.1753623188405795,0.17153996101364521,-0.01669904639027109,0.03886970650959684,0.0038223578269342973
33,9,0.20234537842252148,0.2383154132339851,0.1902439024390244,0.2235294117647059,0.23333333333333317,0.16374269005847952,-0.03597003481146363,-0.0332855093256815,0.06959064327485365
33,10,0.1509560759660081,0.19232471945198798,0.11764705882352941,0.13709677419354838,0.2872340425531914,0.2753623188405796,-0.04136864348597988,-0.019449715370018966,0.011871723712611804
33,11,0.1252614247377514,0.19232471945198798,0.08888888888888889,0.15,0.35641025641025625,0.2995169082125604,-0.06706329471423658,-0.0611111111111111,0.05689334819769587
34,0,0.27603176718751266,0.2675822183679833,0.27692307692307694,0.2864321608040201,0.08928571428571419,0.0659722222222221,0.008449548819529362,-0.009509083880943181,0.02331349206349209
34,1,0.1464658356505169,0.16723888647998958,0.021739130434782608,0.0663265306122449,0.32692307692307687,0.30000000000000004,-0.020773050829472672,-0.044587400177462294,0.026923076923076827
34,2,0.19153224661990673,0.16723888647998958,0.11594202898550725,0.08620689655172414,0.24264705882352944,0.25,0.024293360139917147,0.029735132433783104,-0.007352941176470562
34,3,0.18026564387755928,0.17560083080398906,0.05555555555555555,0.0707070707070707,0.2578125,0.25396825396825395,0.004664813073570223,-0.015151515151515152,0.003844246031746046
34,4,0.2027988493622542,0.1714198586419893,0.14,0.10674157303370786,0.21527777777777768,0.23306233062330617,0.0313789907202649,0.03325842696629215,-0.01778455284552849
34,5,0.2816650685586864,0.2550393018819841,0.29850746268656714,0.2664835164835165,0.07000000000000006,0.08743169398907091,0.0266257666767023,0.03202394620305066,-0.01743169398907085
34,6,0.21406545210460165,0.18814374728998826,0.24096385542168675,0.17142857142857143,0.20394736842105265,0.20246913580246906,0.025921704814613394,0.06953528399311532,0.001478232618583597
34,7,0.3041982740433813,0.28430610701598225,0.32051282051282054,0.3111111111111111,0.02777777777777768,0.0424836601307188,0.019892167027399044,0.009401709401709424,-0.014705882352941124
34,8,0.2872983699298601,0.2675822183679833,0.30357142857142855,0.2925,0.06617647058823528,0.07291666666666652,0.019716151561876782,0.011071428571428565,-0.006740196078431238
34,9,0.2929316713010338,0.25922027404398384,0.3082191780821918,0.26262626262626265,0.05769230769230771,0.11827956989247301,0.03371139725704997,0.04559291545592914,-0.060587262200165304
34,10,0.2929316713010338,0.2675822183679833,0.3082191780821918,0.27832512315270935,0.05769230769230771,0.08680555555555558,0.02534945293305052,0.02989405492948244,-0.02911324786324787
34,11,0.2872983699298601,0.2132295802619867,0.2887323943661972,0.20422535211267606,0.0759803921568627,0.21786492374727673,0.07406878966787336,0.08450704225352113,-0.14188453159041403
